{"loss": [1.0699634552001953], "accuracy": [0.6248568892478943], "val_loss": [0.6611608862876892], "val_accuracy": [0.7666302919387817]}